{
  "analysis": "toy_complexity_sweep",
  "hypothesis": "dc_trend share increases as environment complexity grows while RSSM capacity stays fixed",
  "seed": 0,
  "train_steps": 2000,
  "batch_size": 32,
  "horizon": 50,
  "eval_episodes": 10,
  "trim_window_inclusive": [
    5,
    45
  ],
  "rssm": {
    "deter_dim": 64,
    "stoch_dim": 8,
    "hidden_dim": 64
  },
  "levels": [
    {
      "complexity": "simple",
      "obs_dim": 4,
      "n_osc": 2,
      "frequencies": [
        0.5,
        5.0
      ],
      "amplitudes": [
        1.0,
        0.5
      ],
      "coupling": [
        0.01257302210933933,
        -0.013210486329130189
      ],
      "final_train_metrics": {
        "loss": 1.890730619430542,
        "recon_loss": 0.25032785534858704,
        "kl_loss": 7.30396842956543,
        "reward_loss": 0.9100059270858765,
        "grad_norm": 46.62050247192383
      },
      "frequency": {
        "band_mse": {
          "dc_trend": 0.14641616568578286,
          "very_low": 0.17143696791786586,
          "low": 0.14622869442784947,
          "mid": 0.11013403803539737,
          "high": 0.03258878181814901
        },
        "band_share": {
          "dc_trend": 0.24129044857533868,
          "very_low": 0.28252415091972655,
          "low": 0.24098150028598922,
          "mid": 0.1814983428674422,
          "high": 0.05370555735150327
        },
        "J_slow": 0.14641616568578286,
        "J_total": 0.6068046478850446,
        "pca_components": 7,
        "pca_var_explained": 0.959469552922497
      },
      "overlaps": {
        "3": {
          "sfa_posterior": 0.3067655316860706,
          "sfa_drift": 0.009771956095691443,
          "posterior_drift": 0.33947880647511197
        },
        "5": {
          "sfa_posterior": 0.3786284503774973,
          "sfa_drift": 0.18491744400975518,
          "posterior_drift": 0.581468718156477
        },
        "10": {
          "sfa_posterior": 0.5730420372581084,
          "sfa_drift": 0.45666514064864155,
          "posterior_drift": 0.788570220626996
        }
      },
      "drift_pca": {
        "explained_variance_ratio_top10": [
          0.43154334531236543,
          0.20434969540236464,
          0.09505059960024831,
          0.08058827059196584,
          0.05115023543712152,
          0.031975188408012556,
          0.02122052280882123,
          0.01924905224431805,
          0.016103942377371123,
          0.011024772890409216
        ],
        "cumulative_top10": 0.9622556250729979
      }
    },
    {
      "complexity": "medium",
      "obs_dim": 10,
      "n_osc": 5,
      "frequencies": [
        0.3,
        0.7,
        2.0,
        5.0,
        12.0
      ],
      "amplitudes": [
        1.0,
        0.9,
        0.75,
        0.55,
        0.4
      ],
      "coupling": [
        -0.11575496471201177,
        0.02897558023277514,
        0.07808540692250986,
        0.05439736447085796,
        -0.09613826412454365
      ],
      "final_train_metrics": {
        "loss": 24.365299224853516,
        "recon_loss": 1.3693041801452637,
        "kl_loss": 28.844636917114258,
        "reward_loss": 20.111530303955078,
        "grad_norm": 2679.55029296875
      },
      "frequency": {
        "band_mse": {
          "dc_trend": 0.6530435982187996,
          "very_low": 0.12309502381728347,
          "low": 0.059147661312649195,
          "mid": 0.3549089440859195,
          "high": 0.209993909094147
        },
        "band_share": {
          "dc_trend": 0.46639670397511906,
          "very_low": 0.08791314016508348,
          "low": 0.042242622635454696,
          "mid": 0.2534721451744529,
          "high": 0.14997538804989002
        },
        "J_slow": 0.6530435982187996,
        "J_total": 1.4001891365287986,
        "pca_components": 13,
        "pca_var_explained": 0.9530657155632476
      },
      "overlaps": {
        "3": {
          "sfa_posterior": 0.13736782393256594,
          "sfa_drift": 0.00471309726651749,
          "posterior_drift": 0.33458834814481614
        },
        "5": {
          "sfa_posterior": 0.36954312303416326,
          "sfa_drift": 0.10641262084078758,
          "posterior_drift": 0.5728313320632863
        },
        "10": {
          "sfa_posterior": 0.5608512836059573,
          "sfa_drift": 0.457080208652065,
          "posterior_drift": 0.7767869664680808
        }
      },
      "drift_pca": {
        "explained_variance_ratio_top10": [
          0.4129026857001469,
          0.22258919690940676,
          0.07360946367229641,
          0.060022516651935,
          0.04213843532728562,
          0.0368055942289696,
          0.027980044902841155,
          0.023784967097599963,
          0.017762932490178213,
          0.014984901707146588
        ],
        "cumulative_top10": 0.9325807386878062
      }
    },
    {
      "complexity": "hard",
      "obs_dim": 20,
      "n_osc": 10,
      "frequencies": [
        0.1,
        0.3,
        0.5,
        1.0,
        2.0,
        4.0,
        7.0,
        10.0,
        15.0,
        20.0
      ],
      "amplitudes": [
        1.0,
        0.95,
        0.9,
        0.8,
        0.7,
        0.6,
        0.5,
        0.42,
        0.34,
        0.28
      ],
      "coupling": [
        0.03142872291291832,
        -0.04279153290989521,
        -0.05056219084127353,
        0.02792971491544363,
        0.10139371378096484,
        0.03797231846630208,
        -0.028876381136611437,
        -0.14857785785403402,
        -0.07766440067038496,
        -0.06474797386113736
      ],
      "final_train_metrics": {
        "loss": 59.39604949951172,
        "recon_loss": 3.625629425048828,
        "kl_loss": 33.61408615112305,
        "reward_loss": 52.40901184082031,
        "grad_norm": 570.75146484375
      },
      "frequency": {
        "band_mse": {
          "dc_trend": 0.16371328624786602,
          "very_low": 0.10837424462746094,
          "low": 0.03141597885759478,
          "mid": 0.0809886806361843,
          "high": 0.1424515017815127
        },
        "band_share": {
          "dc_trend": 0.3106845924650922,
          "very_low": 0.20566570250637675,
          "low": 0.05961923318481437,
          "mid": 0.1536951325968903,
          "high": 0.27033533924682623
        },
        "J_slow": 0.16371328624786602,
        "J_total": 0.5269436921506188,
        "pca_components": 8,
        "pca_var_explained": 0.958658191166802
      },
      "overlaps": {
        "3": {
          "sfa_posterior": 0.04584272613373815,
          "sfa_drift": 0.019437367520019896,
          "posterior_drift": 0.3455084838741076
        },
        "5": {
          "sfa_posterior": 0.09805595492398454,
          "sfa_drift": 0.05464008268874539,
          "posterior_drift": 0.6018646506443088
        },
        "10": {
          "sfa_posterior": 0.4060299927044341,
          "sfa_drift": 0.42296625992182635,
          "posterior_drift": 0.9006495235256213
        }
      },
      "drift_pca": {
        "explained_variance_ratio_top10": [
          0.3853200438466228,
          0.22907730929185233,
          0.17026477488478445,
          0.08796554988503517,
          0.043647114003873756,
          0.02928363228740816,
          0.017848621254034636,
          0.012964276982623351,
          0.010204697550280768,
          0.007018830401126107
        ],
        "cumulative_top10": 0.9935948503876414
      }
    }
  ]
}
