{
  "analysis": "v4_decoder_d2_lipschitz",
  "checkpoint_dir": "/workspace/checkpoints/dreamer4",
  "rollout_dir": "results/rollouts_v4",
  "task": "cheetah-run",
  "n_anchors": 60,
  "anchor_steps": [
    50,
    100,
    150
  ],
  "epsilons": [
    0.009999999776482582,
    0.05000000074505806,
    0.10000000149011612,
    0.5,
    1.0
  ],
  "band_names": [
    "dc_trend",
    "very_low",
    "low",
    "mid",
    "high"
  ],
  "obs_delta": {
    "dc_trend": {
      "eps_0.01": 0.23005835711956024,
      "eps_0.05": 0.3689808249473572,
      "eps_0.1": 0.5160678625106812,
      "eps_0.5": 1.6221727132797241,
      "eps_1": 3.035358428955078
    },
    "very_low": {
      "eps_0.01": 0.44123631715774536,
      "eps_0.05": 0.6276113986968994,
      "eps_0.1": 1.1700339317321777,
      "eps_0.5": 2.4870285987854004,
      "eps_1": 4.092794418334961
    },
    "low": {
      "eps_0.01": 3.9919521808624268,
      "eps_0.05": 4.701579570770264,
      "eps_0.1": 4.998779296875,
      "eps_0.5": 4.933455467224121,
      "eps_1": 5.206263065338135
    },
    "mid": {
      "eps_0.01": 4.992629528045654,
      "eps_0.05": 5.047849178314209,
      "eps_0.1": 4.929837226867676,
      "eps_0.5": 4.904559135437012,
      "eps_1": 5.158407688140869
    },
    "high": {
      "eps_0.01": 4.700159072875977,
      "eps_0.05": 4.9846038818359375,
      "eps_0.1": 5.355508327484131,
      "eps_0.5": 5.5926032066345215,
      "eps_1": 5.587246894836426
    }
  },
  "obs_delta_std": {
    "dc_trend": {
      "eps_0.01": 0.037612318992614746,
      "eps_0.05": 0.063474141061306,
      "eps_0.1": 0.09890341013669968,
      "eps_0.5": 0.4221915006637573,
      "eps_1": 0.7995835542678833
    },
    "very_low": {
      "eps_0.01": 0.06262334436178207,
      "eps_0.05": 0.09151779115200043,
      "eps_0.1": 0.19687487185001373,
      "eps_0.5": 0.49536141753196716,
      "eps_1": 0.8303938508033752
    },
    "low": {
      "eps_0.01": 0.752642035484314,
      "eps_0.05": 0.8371859788894653,
      "eps_0.1": 0.7776217460632324,
      "eps_0.5": 0.6501133441925049,
      "eps_1": 0.7697941064834595
    },
    "mid": {
      "eps_0.01": 1.056318759918213,
      "eps_0.05": 1.0333820581436157,
      "eps_0.1": 0.8563587069511414,
      "eps_0.5": 0.9182761907577515,
      "eps_1": 1.1530195474624634
    },
    "high": {
      "eps_0.01": 0.6714175939559937,
      "eps_0.05": 0.793530285358429,
      "eps_0.1": 0.9300819635391235,
      "eps_0.5": 1.04595148563385,
      "eps_1": 1.1299242973327637
    }
  },
  "lipschitz_at_eps1": {
    "dc_trend": 3.035358428955078,
    "very_low": 4.092794418334961,
    "low": 5.206263065338135,
    "mid": 5.158407688140869,
    "high": 5.587246894836426
  },
  "v3_lipschitz_at_eps1_reference": {
    "dc_trend": 1.221,
    "very_low": 1.666,
    "low": 2.14,
    "mid": 2.344,
    "high": 2.168
  },
  "packed_shape": [
    8,
    64
  ],
  "adapter_config": {
    "k_max": 8,
    "packing_factor": 2,
    "n_latents": 16,
    "d_bottleneck": 32,
    "n_spatial": 8,
    "d_spatial": 64,
    "H": 128,
    "W": 128,
    "C": 3,
    "patch": 4,
    "schedule": "shortcut",
    "schedule_d": 0.25,
    "use_amp": true
  }
}
